,Bearing 1,Bearing 2,Bearing 3,Bearing 4
2004-02-12 10:52:39,0.06023643733,0.07422662239,0.08392607061,0.04444308804
2004-02-12 11:02:39,0.06145544216,0.07384408418,0.08445744421,0.04508140046
2004-02-12 11:12:39,0.0613607598,0.07560876996,0.08283680844,0.04511836515
2004-02-12 11:22:39,0.06166482738,0.07327862689,0.08487924215,0.04417222521
2004-02-12 11:32:39,0.06194389374,0.07459290004,0.08262630011,0.04465857708
2004-02-12 11:42:39,0.06123052883,0.07417159041,0.0820219249,0.04384008008
2004-02-12 11:52:39,0.06227974999,0.07580775428,0.0843722838,0.04427223009
2004-02-12 12:02:39,0.05989027785,0.0751147517,0.08450603057,0.04397397334
2004-02-12 12:12:39,0.06237125836,0.0755049563,0.0822379999,0.04417080912
2004-02-12 12:22:39,0.06083705259,0.07464759021,0.08055198008,0.04360154304
2004-02-12 12:32:39,0.06109014112,0.07483221837,0.08078705015,0.0435244885
2004-02-12 12:42:39,0.06259866204,0.0754881586,0.08062556765,0.04467928121
2004-02-12 12:52:39,0.06234069046,0.07560125006,0.08039816397,0.0442455198
2004-02-12 13:02:39,0.06162976708,0.07528429123,0.08099931637,0.04468836369
2004-02-12 13:12:39,0.06188495532,0.0759918453,0.08330416524,0.04454856194
2004-02-12 13:22:39,0.06124630109,0.07403252112,0.08016592607,0.04348210362
2004-02-12 13:32:39,0.06147629279,0.0753319498,0.08176219542,0.04415615997
2004-02-12 13:42:39,0.06184325407,0.07581947361,0.0815118414,0.04355427511
2004-02-12 13:52:39,0.06221309634,0.07592055276,0.08089569803,0.04392480102
2004-02-12 14:02:39,0.06262576298,0.0764063675,0.08229376434,0.04376580888
2004-02-12 14:12:39,0.06251403877,0.07490766151,0.08181249084,0.04342741345
2004-02-12 14:22:39,0.0626069144,0.07650100103,0.08113311197,0.04504121295
2004-02-12 14:32:39,0.06244855706,0.07664822501,0.08357327018,0.04451711509
2004-02-12 14:42:39,0.06132887348,0.07514195029,0.0825654573,0.04414287807
2004-02-12 14:52:39,0.06145202402,0.07666233703,0.08087235705,0.04386727868
2004-02-12 15:02:39,0.06127867572,0.07556155086,0.08216592607,0.04417979394
2004-02-12 15:12:39,0.06190634308,0.07515347429,0.08251682211,0.04384457249
2004-02-12 15:22:39,0.06188978954,0.07588436935,0.08026402656,0.04373260413
2004-02-12 15:32:39,0.06172835588,0.0756454905,0.08135905073,0.04327818741
2004-02-12 15:42:39,0.0632109478,0.07551774989,0.08134772206,0.04509233849
2004-02-12 15:52:39,0.06069144001,0.07611431222,0.08006855804,0.04403042141
2004-02-12 16:02:39,0.06227061868,0.07644362518,0.08200849651,0.04452233996
2004-02-12 16:12:39,0.06152678353,0.07732325797,0.08342111431,0.04420699253
2004-02-12 16:22:39,0.06150861858,0.07580379901,0.07935548611,0.04417452024
2004-02-12 16:32:39,0.06063054837,0.07618570243,0.08223721861,0.04436876801
2004-02-12 16:42:39,0.06268416427,0.07653127594,0.08133273109,0.04479032179
2004-02-12 16:52:39,0.06121915133,0.07574818106,0.08236495923,0.04437555545
2004-02-12 17:02:39,0.06141310611,0.07675887495,0.08168191806,0.04503310709
2004-02-12 17:12:39,0.06158030177,0.07701704185,0.08199179647,0.04467517945
2004-02-12 17:22:39,0.06191654866,0.0758276283,0.08108384198,0.04419200156
2004-02-12 17:32:39,0.06114947019,0.07548727965,0.07966375311,0.04365691684
2004-02-12 17:42:39,0.06146056936,0.07510537624,0.07857366082,0.04420738317
2004-02-12 17:52:39,0.06138336833,0.07671385322,0.08184300991,0.04396928561
2004-02-12 18:02:39,0.06011616778,0.0753441086,0.08125401631,0.04429425265
2004-02-12 18:12:39,0.0622623175,0.07608550222,0.08218594658,0.04443219884
2004-02-12 18:22:39,0.0607936911,0.07491440012,0.08278465745,0.04428482836
2004-02-12 18:32:39,0.06178412032,0.07634239953,0.08128546316,0.04467703501
2004-02-12 18:42:39,0.06062463987,0.07473821964,0.07950686069,0.04378451096
2004-02-12 18:52:39,0.06151267152,0.07669407686,0.08101352605,0.0445395283
2004-02-12 19:02:39,0.06163587089,0.07628448655,0.08007456419,0.04470091313
2004-02-12 19:12:39,0.0623930856,0.07596874847,0.08021128961,0.04393212559
2004-02-12 19:22:39,0.06057722545,0.0761395576,0.0799947263,0.04537951072
2004-02-12 19:32:39,0.06034889399,0.07478958934,0.08132643195,0.04391186093
2004-02-12 19:42:39,0.06146183896,0.07621260804,0.08161721764,0.04470643098
2004-02-12 19:52:39,0.06091967381,0.07606221007,0.08022632941,0.04386967137
2004-02-12 20:02:39,0.06096616046,0.07527335319,0.07948225011,0.04312896138
2004-02-12 20:12:39,0.06019703111,0.07481258851,0.07934703843,0.04292226183
2004-02-12 20:22:39,0.06161287172,0.07699130817,0.08146364569,0.04310464378
2004-02-12 20:32:39,0.06208740661,0.07583138825,0.08092773085,0.04437570194
2004-02-12 20:42:39,0.06077889545,0.07588881293,0.08136720543,0.04335421651
2004-02-12 20:52:39,0.06226422189,0.07571717369,0.0812778456,0.0451602129
2004-02-12 21:02:39,0.06065432882,0.0763487475,0.07916695151,0.04433741882
2004-02-12 21:12:39,0.06083656429,0.075146931,0.08072527955,0.04398915963
2004-02-12 21:22:39,0.06067879291,0.07604331266,0.07927486694,0.04434591533
2004-02-12 21:32:39,0.06081507886,0.076158455,0.08137042824,0.04371976171
2004-02-12 21:42:39,0.06051096245,0.07613301431,0.08050012208,0.04365970018
2004-02-12 21:52:39,0.06051569901,0.07633063138,0.08049387177,0.04317676644
2004-02-12 22:02:39,0.06074896235,0.07604946531,0.08059182577,0.04435997851
2004-02-12 22:12:39,0.05940265638,0.07486503247,0.07983216954,0.044023048
2004-02-12 22:22:39,0.06052702769,0.07673377606,0.08193280922,0.04424219933
2004-02-12 22:32:39,0.06077078959,0.07572293569,0.08063118316,0.0450512232
2004-02-12 22:42:39,0.0617418331,0.07780155281,0.08116314273,0.04440246106
2004-02-12 22:52:39,0.06189354949,0.07697353386,0.0818628351,0.04470989794
2004-02-12 23:02:39,0.06124337126,0.07546354802,0.07919278285,0.0446771815
2004-02-12 23:12:39,0.06040895552,0.07673021144,0.08058205967,0.04415362078
2004-02-12 23:22:39,0.06159534157,0.07602373163,0.08013433273,0.04375008545
2004-02-12 23:32:39,0.06002387812,0.07503813663,0.07704360564,0.04395243908
2004-02-12 23:42:39,0.06083685727,0.07633165682,0.08231607989,0.04457610235
2004-02-12 23:52:39,0.06048137116,0.07487987695,0.0810040041,0.0433700376
2004-02-13 0:02:39,0.05913394209,0.07498149324,0.07953000635,0.04444103716
2004-02-13 0:12:39,0.06067820694,0.07566306949,0.0799371063,0.04406064749
2004-02-13 0:22:39,0.06073284828,0.07454006543,0.07784852776,0.04454309292
2004-02-13 0:32:39,0.06110459495,0.07638942331,0.078023048,0.0436651692
2004-02-13 0:42:39,0.06074764393,0.07522764783,0.07877122906,0.04457981347
2004-02-13 0:52:39,0.06091508374,0.07495073002,0.07895307388,0.0435072025
2004-02-13 1:02:39,0.05888021876,0.0745100835,0.07851525953,0.04434293667
2004-02-13 1:12:39,0.06084139851,0.0761912691,0.08101245178,0.04484769764
2004-02-13 1:22:39,0.06119073197,0.07577186386,0.08181571366,0.0438404219
2004-02-13 1:32:39,0.06205762,0.07565369403,0.07986786464,0.04357302603
2004-02-13 1:42:39,0.06005605742,0.0752663216,0.08102392695,0.04422452268
2004-02-13 1:52:39,0.0605787392,0.0753694028,0.08169432101,0.04352429318
2004-02-13 2:02:39,0.05935529079,0.07500517603,0.0789331022,0.04410366717
2004-02-13 2:12:39,0.06148410567,0.07577635627,0.08110391132,0.04393232091
2004-02-13 2:22:39,0.0606813321,0.07605029542,0.07910474144,0.04401606524
2004-02-13 2:32:39,0.06147541384,0.07594565164,0.07998090727,0.0444927975
2004-02-13 2:42:39,0.06037028175,0.07639586894,0.07926002246,0.04440724645
2004-02-13 2:52:39,0.0610713902,0.07549738757,0.07822232531,0.04487850969
2004-02-13 3:02:39,0.0598431564,0.07583763856,0.07918467699,0.04427281606
2004-02-13 3:12:39,0.06109478002,0.07534572001,0.07944723863,0.04394716539
2004-02-13 3:22:39,0.06035441184,0.07573397139,0.07926934909,0.04443473802
2004-02-13 3:32:39,0.06018081938,0.07585790322,0.07996962742,0.04399873041
2004-02-13 3:42:39,0.06026490551,0.07666038381,0.07849206504,0.04415225353
2004-02-13 3:52:39,0.06067640021,0.07592524049,0.07854489965,0.04421187558
2004-02-13 4:02:39,0.06119356414,0.07642443479,0.07967625372,0.0446150691
2004-02-13 4:12:39,0.0604063675,0.07535934372,0.07891977147,0.04387265003
2004-02-13 4:22:39,0.05983588066,0.07574739978,0.08042340935,0.04363279457
2004-02-13 4:32:39,0.0598743591,0.07529342253,0.07884989501,0.04390624542
2004-02-13 4:42:39,0.06104375214,0.07541252014,0.07981307681,0.04498344646
2004-02-13 4:52:39,0.06009761219,0.07588119537,0.07928375409,0.04405317642
2004-02-13 5:02:39,0.06013662777,0.07423126129,0.07921802822,0.04362551882
2004-02-13 5:12:39,0.06129381317,0.0766062796,0.0817948142,0.04500556668
2004-02-13 5:22:39,0.05982909322,0.07541559646,0.07946764979,0.04397568241
2004-02-13 5:32:39,0.0603492358,0.0761566971,0.07818433517,0.04350061038
2004-02-13 5:42:39,0.0594945554,0.07474515357,0.07967058938,0.04406787441
2004-02-13 5:52:39,0.06227354851,0.07567566776,0.08063938669,0.04451242736
2004-02-13 6:02:39,0.06069500464,0.07551804287,0.08098881781,0.04384979735
2004-02-13 6:12:39,0.06114947019,0.07702641731,0.07985126227,0.04478070218
2004-02-13 6:22:39,0.06068030666,0.07537296743,0.08042785292,0.0441089897
2004-02-13 6:32:39,0.0605913863,0.07610049319,0.07806118463,0.04423795107
2004-02-13 6:42:39,0.06125167244,0.07606753259,0.08086913424,0.04319927731
2004-02-13 6:52:39,0.06140480492,0.07516558426,0.08101772547,0.04421534255
2004-02-13 7:02:39,0.06220523463,0.07613985058,0.07911997656,0.04429034621
2004-02-13 7:12:39,0.06033820011,0.07435656038,0.07949494604,0.04341720787
2004-02-13 7:22:39,0.06059329069,0.07682880023,0.07929752429,0.04369915523
2004-02-13 7:32:39,0.06020606475,0.07510762244,0.07820494165,0.04305561795
2004-02-13 7:42:39,0.05997924703,0.07509644026,0.07921192441,0.04393407881
2004-02-13 7:52:39,0.06020879926,0.07533053372,0.07936696128,0.04430660677
2004-02-13 8:02:39,0.05925743445,0.07493930368,0.07802900532,0.04376576005
2004-02-13 8:12:39,0.06010679232,0.07615327897,0.08112373651,0.04383304849
2004-02-13 8:22:39,0.05988095122,0.07545656526,0.08152033791,0.04397299673
2004-02-13 8:32:39,0.06005459251,0.07500595732,0.07903198398,0.04359729479
2004-02-13 8:42:39,0.06054812247,0.07563240393,0.08204297085,0.04350734899
2004-02-13 8:52:39,0.06100883832,0.07621690512,0.08019874017,0.04410776893
2004-02-13 9:02:39,0.06148542409,0.07523946482,0.0809262171,0.04359822257
2004-02-13 9:12:39,0.06133092436,0.07666331364,0.08045803018,0.04443507984
2004-02-13 9:22:39,0.06014776112,0.0761134821,0.07976722496,0.04399121051
2004-02-13 9:32:39,0.06119795888,0.07671976171,0.08006548171,0.04465501245
2004-02-13 9:42:39,0.05939259729,0.07556511548,0.07714697983,0.04284012891
2004-02-13 9:52:39,0.06043332194,0.07583890815,0.07772835588,0.04391698813
2004-02-13 10:02:39,0.06097573124,0.07578075101,0.07987616583,0.04401538161
2004-02-13 10:12:39,0.06027052102,0.07571053274,0.08010269056,0.04415274183
2004-02-13 10:22:39,0.06063450364,0.0765083256,0.08095429464,0.04381942478
2004-02-13 10:32:39,0.05984105669,0.07508105865,0.08053210606,0.04394672591
2004-02-13 10:42:39,0.05975350359,0.07662698374,0.08240373065,0.04365921188
2004-02-13 10:52:39,0.06006631183,0.0758045803,0.07954631574,0.04369490698
2004-02-13 11:02:39,0.05967386103,0.07593227208,0.07858313394,0.04497670785
2004-02-13 11:12:39,0.05991967381,0.07487865618,0.0779931149,0.04364168172
2004-02-13 11:22:39,0.06045612579,0.07606860687,0.07967752332,0.04346891938
2004-02-13 11:32:39,0.05907563846,0.07513662777,0.07808950632,0.04389149861
2004-02-13 11:42:39,0.06199121051,0.07543327311,0.08012178329,0.04445588163
2004-02-13 11:52:39,0.06044601787,0.07625025636,0.07950993701,0.04384374237
2004-02-13 12:02:39,0.06024796133,0.07575150154,0.08077620978,0.04486576493
2004-02-13 12:12:39,0.06038634699,0.07533341472,0.078778163,0.04377962791
2004-02-13 12:22:39,0.06108115631,0.07512271107,0.07751154842,0.0434178915
2004-02-13 12:32:39,0.06137570194,0.07686288393,0.08169436984,0.04447453489
2004-02-13 12:42:39,0.06201181698,0.07615376727,0.07753435226,0.04397719615
2004-02-13 12:52:39,0.06046984716,0.07479002881,0.07949846184,0.04339567362
2004-02-13 13:02:39,0.06098662044,0.07550686069,0.07921841887,0.04379554666
2004-02-13 13:12:39,0.06028204502,0.07526822599,0.07781913179,0.04439455052
2004-02-13 13:22:39,0.06189384247,0.07669554177,0.07940553738,0.04418999951
2004-02-13 13:32:39,0.06044797109,0.07519341765,0.07711533766,0.04430191904
2004-02-13 13:42:39,0.0608581962,0.07632775038,0.08089633283,0.04389271937
2004-02-13 13:52:39,0.06000839885,0.07529884272,0.07659338835,0.04344914302
2004-02-13 14:02:39,0.06126466136,0.07548601006,0.07889071732,0.04297333854
2004-02-13 14:12:39,0.06060857464,0.07592358025,0.07982118267,0.04390751502
2004-02-13 14:22:39,0.06107934958,0.07608232824,0.0798287514,0.04389906734
2004-02-13 14:32:39,0.06134425509,0.07599028273,0.07890658724,0.04430758338
2004-02-13 14:42:39,0.06113921578,0.07668011133,0.07909780751,0.04493368817
2004-02-13 14:52:39,0.06045514918,0.07480189462,0.0776011524,0.04313277015
2004-02-13 15:02:39,0.06176014454,0.07551027882,0.07877552615,0.04368396894
2004-02-13 15:12:39,0.06003076322,0.07533780946,0.07708979931,0.04355144294
2004-02-13 15:22:39,0.05960222667,0.07550661653,0.07768103911,0.04305210215
2004-02-13 15:32:39,0.06047180038,0.07514834709,0.07687216173,0.04409277797
2004-02-13 15:42:39,0.05972952781,0.0758455491,0.07828961375,0.04394994873
2004-02-13 15:52:39,0.06158918893,0.07597128766,0.07809521949,0.04397968651
2004-02-13 16:02:39,0.05963772645,0.0753434738,0.07792377557,0.04399033156
2004-02-13 16:12:39,0.05942506958,0.07495746863,0.07772601201,0.04444548074
2004-02-13 16:22:39,0.06048405684,0.07505542263,0.07599140583,0.04383705259
2004-02-13 16:32:39,0.06022256946,0.07526041311,0.07716275209,0.04357854387
2004-02-13 16:42:39,0.06019185507,0.07554074906,0.07970965379,0.04394794668
2004-02-13 16:52:39,0.05948332438,0.07459397432,0.07718648372,0.04313052395
2004-02-13 17:02:39,0.06154226281,0.07548503345,0.0791278871,0.04415615997
2004-02-13 17:12:39,0.06007134137,0.0756518873,0.07982523561,0.04345387958
2004-02-13 17:22:39,0.06140294936,0.07582035256,0.07857493042,0.0441221251
2004-02-13 17:32:39,0.0603354656,0.07584833244,0.08101513746,0.04405469017
2004-02-13 17:42:39,0.06182040139,0.0758749939,0.07894721422,0.04566057913
2004-02-13 17:52:39,0.05926383124,0.07492626593,0.07682733532,0.0435492944
2004-02-13 18:02:39,0.06058284096,0.07573240881,0.07770071781,0.0443020167
2004-02-13 18:12:39,0.05959495093,0.07507856829,0.07706059866,0.04294150105
2004-02-13 18:22:39,0.0615601836,0.07494721422,0.07919268519,0.04472659798
2004-02-13 18:32:39,0.06116460765,0.07526768885,0.07671297427,0.0443769227
2004-02-13 18:42:39,0.06097084819,0.07533380536,0.07653449875,0.04420626007
2004-02-13 18:52:39,0.06146218077,0.07542194443,0.08022398555,0.04466673177
2004-02-13 19:02:39,0.06008911568,0.07585878217,0.07877992089,0.04440793007
2004-02-13 19:12:39,0.05994228234,0.07579505835,0.08097040871,0.04332027931
2004-02-13 19:22:39,0.05924459202,0.07390434103,0.0785118414,0.04287225939
2004-02-13 19:32:39,0.06038400313,0.0759388642,0.07867410518,0.04408516041
2004-02-13 19:42:39,0.06047419308,0.07488895942,0.07774110064,0.04424737536
2004-02-13 19:52:39,0.0621694907,0.07611196836,0.07955881635,0.04398564383
2004-02-13 20:02:39,0.06053152009,0.07489555154,0.07781190488,0.04408027736
2004-02-13 20:12:39,0.06018555594,0.07594457737,0.07937365106,0.04331983984
2004-02-13 20:22:39,0.06093783876,0.07568948679,0.07927862689,0.04448859808
2004-02-13 20:32:39,0.05973260413,0.07436398262,0.07805200449,0.04423741394
2004-02-13 20:42:39,0.05966687827,0.07520718785,0.07732477172,0.04350988818
2004-02-13 20:52:39,0.05973997754,0.07457053567,0.07785238537,0.04391879486
2004-02-13 21:02:39,0.06089130329,0.07587172225,0.07716924655,0.04432565067
2004-02-13 21:12:39,0.06044831291,0.07608599053,0.07755891401,0.0448546804
2004-02-13 21:22:39,0.06067039406,0.07389311002,0.07586869476,0.04314107134
2004-02-13 21:32:39,0.05993666683,0.0738863714,0.07722393672,0.04331295473
2004-02-13 21:42:39,0.06166609698,0.07586893891,0.07893642268,0.04481293032
2004-02-13 21:52:39,0.06085638947,0.07540802774,0.07964368377,0.04414014356
2004-02-13 22:02:39,0.06080653352,0.07471536696,0.07854602276,0.04294423556
2004-02-13 22:12:39,0.06198134675,0.07591732995,0.08054997803,0.04479896479
2004-02-13 22:22:39,0.06102793105,0.0750270521,0.07840026368,0.04476532057
2004-02-13 22:32:39,0.06054734118,0.07524771717,0.0772317496,0.04476307437
2004-02-13 22:42:39,0.061285219,0.07549699692,0.07961497143,0.04407319693
2004-02-13 22:52:39,0.06117046731,0.07468748474,0.07720601592,0.04407651741
2004-02-13 23:02:39,0.06174017286,0.07579437473,0.07843507984,0.04443034328
2004-02-13 23:12:39,0.06118252844,0.07475408956,0.07665667269,0.04377879779
2004-02-13 23:22:39,0.06083382978,0.07484340056,0.07778700132,0.04409004346
2004-02-13 23:32:39,0.05982767713,0.07488895942,0.0777832902,0.0434881586
2004-02-13 23:42:39,0.06106328434,0.07463772645,0.07796406075,0.04344767811
2004-02-13 23:52:39,0.06100131842,0.07412778944,0.07817281117,0.04368206455
2004-02-14 0:02:39,0.06041598711,0.07430914595,0.0780713902,0.04403994336
2004-02-14 0:12:39,0.05996152156,0.07468025783,0.077951023,0.04355774208
2004-02-14 0:22:39,0.06019585917,0.074979833,0.07762752088,0.04455652131
2004-02-14 0:32:39,0.06152536745,0.0755528102,0.07733111968,0.04391317935
2004-02-14 0:42:39,0.06117154158,0.0754617413,0.07898994092,0.04450324723
2004-02-14 0:52:39,0.06085853801,0.07505034426,0.07607031593,0.04469090288
2004-02-14 1:02:39,0.06123966014,0.07474940183,0.07907500366,0.04527682016
2004-02-14 1:12:39,0.06000918014,0.07506470042,0.07519776356,0.04381473705
2004-02-14 1:22:39,0.06150090336,0.07519600566,0.07856653157,0.04540646516
2004-02-14 1:32:39,0.06051179257,0.07535734167,0.0763942087,0.04338419845
2004-02-14 1:42:39,0.06143761902,0.07477943259,0.07651203672,0.04404775624
2004-02-14 1:52:39,0.06186835295,0.07502275502,0.07923765809,0.0438548269
2004-02-14 2:02:39,0.06162332145,0.07559553689,0.07744455296,0.04405327409
2004-02-14 2:12:39,0.06088744568,0.07513242834,0.07792323844,0.04474393281
2004-02-14 2:22:39,0.06074656966,0.07466844084,0.07751394111,0.04393354168
2004-02-14 2:32:39,0.06134835685,0.07480008789,0.07716275209,0.04366575516
2004-02-14 2:42:39,0.0602023048,0.07375438254,0.07785902632,0.0439665511
2004-02-14 2:52:39,0.06087904683,0.07506074515,0.08003530446,0.04515200938
2004-02-14 3:02:39,0.05948762147,0.07401997168,0.07606084281,0.04387279652
2004-02-14 3:12:39,0.06062649543,0.07596152156,0.07700385761,0.04399799795
2004-02-14 3:22:39,0.06126925143,0.07537438351,0.0796853362,0.04442160262
2004-02-14 3:32:39,0.05971468333,0.07554831779,0.08025958299,0.0445953904
2004-02-14 3:42:39,0.0607844133,0.07528141023,0.07698037014,0.04479085893
2004-02-14 3:52:39,0.06006308902,0.07486420235,0.08095009522,0.04478455979
2004-02-14 4:02:39,0.06012935202,0.07603842961,0.07788446701,0.0444726305
2004-02-14 4:12:39,0.05982992334,0.07448488696,0.07645065677,0.04397221544
2004-02-14 4:22:39,0.05994384491,0.07569461399,0.07683929879,0.04433072904
2004-02-14 4:32:39,0.06177049661,0.07520474633,0.07829034621,0.04390907759
2004-02-14 4:42:39,0.06061829191,0.07475731237,0.07776532057,0.04384144734
2004-02-14 4:52:39,0.06033282875,0.07493090483,0.07838541921,0.04432750623
2004-02-14 5:02:39,0.0605539333,0.07557278187,0.07812974266,0.04446506177
2004-02-14 5:12:39,0.06046589189,0.0755251233,0.07722808731,0.04400581083
2004-02-14 5:22:39,0.06080243176,0.07541085991,0.07755310318,0.04478748962
2004-02-14 5:32:39,0.05950158699,0.07415132575,0.07655700962,0.04358855413
2004-02-14 5:42:39,0.06172947898,0.07619288051,0.07889750476,0.04379300747
2004-02-14 5:52:39,0.06114287807,0.07547477904,0.07774481176,0.04441496167
2004-02-14 6:02:39,0.06106606768,0.07540993213,0.07711948826,0.04393979198
2004-02-14 6:12:39,0.06112612921,0.07449963377,0.07776092583,0.04427281606
2004-02-14 6:22:39,0.05973572928,0.07398408125,0.07868899849,0.04321978612
2004-02-14 6:32:39,0.05989345183,0.07513189121,0.07793402998,0.04352414669
2004-02-14 6:42:39,0.06193285805,0.07440016602,0.0783706724,0.04405898726
2004-02-14 6:52:39,0.06150510279,0.07512539675,0.07655495874,0.04380370135
2004-02-14 7:02:39,0.06124830314,0.07546452463,0.07843688657,0.04472029884
2004-02-14 7:12:39,0.06162610479,0.07490907759,0.07957790908,0.04394477269
2004-02-14 7:22:39,0.05983553884,0.07504653548,0.07857038918,0.04393090483
2004-02-14 7:32:39,0.06017232287,0.07479432589,0.07725430929,0.04460408223
2004-02-14 7:42:39,0.06105849895,0.07486893891,0.07751237853,0.04320010743
2004-02-14 7:52:39,0.06151745691,0.07474847405,0.07631251526,0.04490097173
2004-02-14 8:02:39,0.06023277504,0.07495370868,0.07716035939,0.04379813467
2004-02-14 8:12:39,0.06149709458,0.07462537233,0.07898745056,0.04415694126
2004-02-14 8:22:39,0.06152824845,0.07492279896,0.07754958738,0.04462517701
2004-02-14 8:32:39,0.06209185019,0.07499672836,0.07779623028,0.04411904878
2004-02-14 8:42:39,0.06052307242,0.07462937643,0.07594208702,0.04377728405
2004-02-14 8:52:39,0.0617821671,0.07448786562,0.07652873675,0.04412671517
2004-02-14 9:02:39,0.06019390595,0.07424034377,0.07496977391,0.04391679281
2004-02-14 9:12:39,0.06121802822,0.0748766053,0.07677059427,0.04394755603
2004-02-14 9:22:39,0.06075311294,0.07394491919,0.07776195127,0.04390722203
2004-02-14 9:32:39,0.06048308023,0.07282421017,0.07733126618,0.0434305386
2004-02-14 9:42:39,0.06114190146,0.07424219933,0.07856672689,0.0435636994
2004-02-14 9:52:39,0.06159543923,0.07506167293,0.07709658675,0.04441911226
2004-02-14 10:02:39,0.05991972264,0.07406972997,0.07582445432,0.04387265003
2004-02-14 10:12:39,0.06099589824,0.07573328776,0.07763294106,0.04354787831
2004-02-14 10:22:39,0.05991415596,0.0739636701,0.07657839738,0.04357390498
2004-02-14 10:32:39,0.06079999023,0.07574569071,0.07817119977,0.04419483373
2004-02-14 10:42:39,0.06012417599,0.07433380536,0.07587675179,0.04382367303
2004-02-14 10:52:39,0.06085687778,0.07578602471,0.07655368914,0.04438859319
2004-02-14 11:02:39,0.06017642463,0.07368255286,0.07877171737,0.04427540407
2004-02-14 11:12:39,0.06131510328,0.07515518336,0.08028512134,0.04510107915
2004-02-14 11:22:39,0.06054670638,0.07458508716,0.081146931,0.04527603887
2004-02-14 11:32:39,0.06140490258,0.07510781776,0.07777147322,0.04475994922
2004-02-14 11:42:39,0.06031285707,0.07414898188,0.07788832463,0.04462537233
2004-02-14 11:52:39,0.06176009571,0.07426041311,0.07789921383,0.04464798086
2004-02-14 12:02:39,0.06099326139,0.07558513599,0.08157961815,0.04396811368
2004-02-14 12:12:39,0.0607832902,0.07511455637,0.07885712193,0.04505083256
2004-02-14 12:22:39,0.06141603594,0.07461106499,0.07801201231,0.04386483715
2004-02-14 12:32:39,0.06245016847,0.07529527809,0.07812656868,0.04441076224
2004-02-14 12:42:39,0.05945954392,0.07492167586,0.0788743591,0.04369017042
2004-02-14 12:52:39,0.06073528981,0.07411641193,0.07691659749,0.04458401289
2004-02-14 13:02:39,0.05992299429,0.07451003467,0.07786117486,0.04350520045
2004-02-14 13:12:39,0.06183763856,0.07426534499,0.07731246643,0.04415860149
2004-02-14 13:22:39,0.06068782655,0.07405630158,0.07536163875,0.04424566629
2004-02-14 13:32:39,0.06126578446,0.07434440158,0.07591903902,0.0441429269
2004-02-14 13:42:39,0.06081795986,0.07533839543,0.076930856,0.04396323063
2004-02-14 13:52:39,0.05999443332,0.0737170272,0.07646774745,0.04402343864
2004-02-14 14:02:39,0.06110410665,0.07458186435,0.07541164119,0.04496576981
2004-02-14 14:12:39,0.06157493042,0.07598373944,0.07900302749,0.04422901509
2004-02-14 14:22:39,0.0620305679,0.07579779286,0.07846740564,0.04436173641
2004-02-14 14:32:39,0.06157703013,0.07433673519,0.0742443967,0.04374193076
2004-02-14 14:42:39,0.06044855706,0.07434225304,0.07514566141,0.04454719469
2004-02-14 14:52:39,0.06138986279,0.07482679818,0.0771136286,0.04419966795
2004-02-14 15:02:39,0.06081683676,0.07403242346,0.07729405733,0.04310537624
2004-02-14 15:12:39,0.06180887739,0.07470384296,0.07638913033,0.043783925
2004-02-14 15:22:39,0.06015425558,0.07387885151,0.07736471507,0.04365926071
2004-02-14 15:32:39,0.06073934274,0.07443923043,0.07704751209,0.04380003906
2004-02-14 15:42:39,0.06031227111,0.07433297524,0.07573338542,0.04326251282
2004-02-14 15:52:39,0.06146369452,0.07450715367,0.07753747742,0.04393700864
2004-02-14 16:02:39,0.06158816348,0.07337492065,0.07756316226,0.04407637092
2004-02-14 16:12:39,0.06012315054,0.07559841789,0.07610737829,0.04431139216
2004-02-14 16:22:39,0.06139459935,0.07412969383,0.07672313101,0.04413159822
2004-02-14 16:32:39,0.06144567606,0.0751509351,0.07724161336,0.04396796719
2004-02-14 16:42:39,0.06029903804,0.07445529567,0.07738400313,0.04386752283
2004-02-14 16:52:39,0.06168655696,0.0752479125,0.07632286733,0.04396567215
2004-02-14 17:02:39,0.05988392988,0.07389481908,0.07854411837,0.04459246057
2004-02-14 17:12:39,0.06139992187,0.07527711314,0.07783260901,0.04399975585
2004-02-14 17:22:39,0.0615971483,0.07500581083,0.07635792763,0.04387626349
2004-02-14 17:32:39,0.06106089165,0.07420713902,0.0766120416,0.04414522193
2004-02-14 17:42:39,0.0603487475,0.0746582841,0.07744762928,0.04388368573
2004-02-14 17:52:39,0.05919727526,0.07445221935,0.07575892378,0.04450490747
2004-02-14 18:02:39,0.05945866497,0.07406631183,0.07527472045,0.04364441623
2004-02-14 18:12:39,0.06033575858,0.07416426583,0.07707104839,0.04311104058
2004-02-14 18:22:39,0.06131441965,0.07453567069,0.07630924362,0.04395365985
2004-02-14 18:32:39,0.05925919234,0.07471653889,0.0764150105,0.04420030275
2004-02-14 18:42:39,0.06238400313,0.07551794521,0.07792040627,0.04434947996
2004-02-14 18:52:39,0.06140592802,0.07477850481,0.07777767469,0.04470135261
2004-02-14 19:02:39,0.06193622735,0.07469310025,0.07734860101,0.04378578056
2004-02-14 19:12:39,0.06097285024,0.07502060647,0.07651550369,0.04483568534
2004-02-14 19:22:39,0.06081595781,0.07455764442,0.07550715367,0.04341862396
2004-02-14 19:32:39,0.06048298257,0.0741493237,0.07646652669,0.0438801211
2004-02-14 19:42:39,0.06090375507,0.07423970897,0.07803564627,0.04394950925
2004-02-14 19:52:39,0.0603199375,0.07222588994,0.07657312369,0.0443538747
2004-02-14 20:02:39,0.06146828458,0.0743250647,0.07799003858,0.04437702036
2004-02-14 20:12:39,0.06038288002,0.07439264613,0.0782288686,0.04404502173
2004-02-14 20:22:39,0.06199282192,0.07410645051,0.07753098296,0.04438244055
2004-02-14 20:32:39,0.06078412032,0.07299506812,0.07616333805,0.04441691489
2004-02-14 20:42:39,0.06076195127,0.07372010352,0.07565457298,0.04315723424
2004-02-14 20:52:39,0.05958762635,0.07294799551,0.07580243176,0.04292900044
2004-02-14 21:02:39,0.0604761463,0.07341813565,0.07752453733,0.04409272914
2004-02-14 21:12:39,0.06076654134,0.07454397187,0.07843459153,0.04413472338
2004-02-14 21:22:39,0.06055119879,0.07470091313,0.07612232043,0.04412725231
2004-02-14 21:32:39,0.06115181405,0.07454397187,0.07646613604,0.04414829826
2004-02-14 21:42:39,0.05999912105,0.07450505396,0.07451398994,0.04401543044
2004-02-14 21:52:39,0.06182464964,0.07521055716,0.07773314127,0.04369300259
2004-02-14 22:02:39,0.06158083891,0.07474891352,0.07702514771,0.04415113043
2004-02-14 22:12:39,0.06012114849,0.07433776063,0.07719820304,0.04374481176
2004-02-14 22:22:39,0.06092978173,0.0747624884,0.07607060892,0.04374744861
2004-02-14 22:32:39,0.06042311636,0.07419385712,0.07716978368,0.0435371356
2004-02-14 22:42:39,0.05945231701,0.07314536843,0.07477718639,0.04335587675
2004-02-14 22:52:39,0.06060222667,0.07354382538,0.07661360418,0.04395995898
2004-02-14 23:02:39,0.06134454807,0.07410059085,0.07726954441,0.04440500024
2004-02-14 23:12:39,0.06122042092,0.07449177206,0.07816748865,0.04451311099
2004-02-14 23:22:39,0.06043366375,0.0749198203,0.07755759559,0.04383207188
2004-02-14 23:32:39,0.06096225402,0.07420674838,0.07661614337,0.04425777626
2004-02-14 23:42:39,0.06100610381,0.07480863323,0.07914990966,0.0441590898
2004-02-14 23:52:39,0.06059211876,0.07410376483,0.07568045315,0.04324058792
2004-02-15 0:02:39,0.06161145564,0.07401484447,0.07642082133,0.04376864105
2004-02-15 0:12:39,0.05973978222,0.07379168905,0.07682240344,0.0435989062
2004-02-15 0:22:39,0.05927110699,0.07453737975,0.07442204209,0.04436281068
2004-02-15 0:32:39,0.05979989257,0.0739614239,0.07621656331,0.04394023146
2004-02-15 0:42:39,0.06127218126,0.07359958982,0.07682518678,0.04404594951
2004-02-15 0:52:39,0.06143688657,0.0743849309,0.07619493139,0.04355027101
2004-02-15 1:02:39,0.06003164217,0.07447155623,0.07934391328,0.04358152254
2004-02-15 1:12:39,0.06138029201,0.07468626398,0.07630709507,0.04530020997
2004-02-15 1:22:39,0.06080501978,0.07403989453,0.07529488745,0.04410991748
2004-02-15 1:32:39,0.06047507203,0.07332125592,0.0755267347,0.04383939645
2004-02-15 1:42:39,0.05992963524,0.07423419112,0.07569412569,0.04344250208
2004-02-15 1:52:39,0.06177425656,0.07341203184,0.07717032082,0.04347536501
2004-02-15 2:02:39,0.06113501636,0.07477469603,0.08004682846,0.04436212706
2004-02-15 2:12:39,0.06112036721,0.07309995605,0.07721714927,0.04395756629
2004-02-15 2:22:39,0.06075863079,0.07448737731,0.07856887543,0.04318477465
2004-02-15 2:32:39,0.05935226329,0.07282045022,0.07804160359,0.0433261878
2004-02-15 2:42:39,0.06045427023,0.07503940622,0.07728565848,0.04446100884
2004-02-15 2:52:39,0.06012398066,0.07376121881,0.07758293862,0.04332491821
2004-02-15 3:02:39,0.05987289418,0.07276058401,0.07561399482,0.04478446213
2004-02-15 3:12:39,0.05921177792,0.07470789589,0.07658494067,0.0435176034
2004-02-15 3:22:39,0.06146745447,0.07343327311,0.07821861419,0.04442902485
2004-02-15 3:32:39,0.06161848723,0.07464470921,0.07599975585,0.04427760145
2004-02-15 3:42:39,0.06125391865,0.07375072025,0.07713574882,0.04365105718
2004-02-15 3:52:39,0.06140783241,0.07550168465,0.07806543288,0.04426451487
2004-02-15 4:02:39,0.06224415255,0.07488476,0.07742292104,0.04331007373
2004-02-15 4:12:39,0.06187279652,0.07507993554,0.07688920357,0.04377674691
2004-02-15 4:22:39,0.0608945261,0.07432574833,0.07666233703,0.04426378241
2004-02-15 4:32:39,0.06062869281,0.07486078422,0.0771821378,0.04410967332
2004-02-15 4:42:39,0.06167019874,0.07392255481,0.07662063577,0.04378255774
2004-02-15 4:52:39,0.05880545925,0.07312974266,0.07420801797,0.04335748816
2004-02-15 5:02:39,0.06097724498,0.07406045217,0.07859514625,0.04369944822
2004-02-15 5:12:39,0.06090194834,0.07416675619,0.07702338981,0.04389774891
2004-02-15 5:22:39,0.05943000146,0.07310605987,0.07547829484,0.04343810733
2004-02-15 5:32:39,0.06044279506,0.07449333464,0.07761887787,0.04321915133
2004-02-15 5:42:39,0.05829293423,0.07264480688,0.0739284633,0.04350373553
2004-02-15 5:52:39,0.06083085112,0.07348713316,0.07521338933,0.04423790224
2004-02-15 6:02:39,0.06045905562,0.07384340056,0.07690981005,0.04440822306
2004-02-15 6:12:39,0.06035543728,0.07466668294,0.07570594267,0.04342360467
2004-02-15 6:22:39,0.06002553836,0.07251540603,0.07579222618,0.04363919137
2004-02-15 6:32:39,0.06029894038,0.07362879047,0.07803642756,0.04335265394
2004-02-15 6:42:39,0.05997973534,0.07331896089,0.0767279164,0.04467488647
2004-02-15 6:52:39,0.06074046584,0.07312910787,0.07670032716,0.04369720201
2004-02-15 7:02:39,0.06074906001,0.07522315543,0.07651882416,0.04431627521
2004-02-15 7:12:39,0.06009292446,0.07395336686,0.07659885737,0.04355993945
2004-02-15 7:22:39,0.0600859417,0.07214038771,0.07531266175,0.04418897407
2004-02-15 7:32:39,0.06069407686,0.0740870648,0.07758142487,0.04364763904
2004-02-15 7:42:39,0.06073099272,0.07399394502,0.07720728551,0.04392690073
2004-02-15 7:52:39,0.06063103667,0.07376444162,0.07684940671,0.04333234045
2004-02-15 8:02:39,0.0613458665,0.0738172274,0.076017286,0.04395532008
2004-02-15 8:12:39,0.06061565506,0.07312842424,0.07669480932,0.0443821964
2004-02-15 8:22:39,0.06035866009,0.07310298354,0.07549177206,0.0430179208
2004-02-15 8:32:39,0.06016411934,0.07440407246,0.07767801162,0.04445807901
2004-02-15 8:42:39,0.06154323942,0.07454367889,0.076867474,0.04386879242
2004-02-15 8:52:39,0.0607919332,0.07352277943,0.07693442063,0.04400190439
2004-02-15 9:02:39,0.06059973632,0.0744673568,0.07829322721,0.0436922213
2004-02-15 9:12:39,0.06027403682,0.07415948044,0.07568367596,0.04377088725
2004-02-15 9:22:39,0.06124644758,0.07474154011,0.07780287123,0.04433268226
2004-02-15 9:32:39,0.06065808877,0.07384545144,0.07642565555,0.04421089897
2004-02-15 9:42:39,0.06050788613,0.0735268812,0.07737858294,0.04325152595
2004-02-15 9:52:39,0.05987933981,0.07367449582,0.07638468675,0.04504775624
2004-02-15 10:02:39,0.06068577567,0.07463176913,0.07723438644,0.044175741
2004-02-15 10:12:39,0.06125924117,0.07382469847,0.07636974462,0.043861712
2004-02-15 10:22:39,0.06123868353,0.07384589091,0.07625792275,0.04389198691
2004-02-15 10:32:39,0.06095912886,0.07449846184,0.07628932077,0.04322921041
2004-02-15 10:42:39,0.06030738806,0.07322667122,0.07518858343,0.04328033595
2004-02-15 10:52:39,0.06128863714,0.07410649934,0.07694584697,0.04378612237
2004-02-15 11:02:39,0.06165564725,0.07475999805,0.07606958348,0.04354768299
2004-02-15 11:12:39,0.0605741003,0.07373392255,0.07833497729,0.04499028273
2004-02-15 11:22:39,0.06017984277,0.07293041652,0.07664876215,0.0435366473
2004-02-15 11:32:39,0.06155520289,0.07498823185,0.07493290688,0.0445469017
2004-02-15 11:42:39,0.0617890522,0.07375487084,0.07619205039,0.04405156502
2004-02-15 11:52:39,0.06081747156,0.07414507544,0.07823726744,0.04364021681
2004-02-15 12:02:39,0.06125118414,0.07396127741,0.07584344939,0.04348596123
2004-02-15 12:12:39,0.06054167684,0.07348708433,0.07608237707,0.04393993847
2004-02-15 12:22:39,0.06052531862,0.07438283119,0.07814234093,0.04417442258
2004-02-15 12:32:39,0.06092011329,0.07333932321,0.07763743347,0.04291479076
2004-02-15 12:42:39,0.06178880805,0.07420464866,0.0795953904,0.04431793545
2004-02-15 12:52:39,0.06165247327,0.07433151033,0.07582626105,0.04374280971
2004-02-15 13:02:39,0.06166687827,0.07404306851,0.07644860589,0.04480277357
2004-02-15 13:12:39,0.05993232091,0.07405088139,0.07550187997,0.04402055764
2004-02-15 13:22:39,0.05995180429,0.07397431515,0.07682460081,0.04349030714
2004-02-15 13:32:39,0.06058684506,0.0744443088,0.07707949607,0.04425108648
2004-02-15 13:42:39,0.06208257239,0.07457912984,0.07746423165,0.04386566727
2004-02-15 13:52:39,0.0607544802,0.07431905855,0.07703452317,0.04308183993
2004-02-15 14:02:39,0.06205273695,0.07425562772,0.07787064798,0.04390067874
2004-02-15 14:12:39,0.06212866839,0.07408452561,0.07745265882,0.04401709068
2004-02-15 14:22:39,0.06188183017,0.07368426193,0.07590297378,0.04432584599
2004-02-15 14:32:39,0.06116958836,0.0737613653,0.07465388935,0.04423135895
2004-02-15 14:42:39,0.06083549001,0.07423121246,0.07612442014,0.04387831437
2004-02-15 14:52:39,0.06280799844,0.07503432785,0.07695341569,0.04490170418
2004-02-15 15:02:39,0.06200312515,0.07381288149,0.0781602129,0.04457961815
2004-02-15 15:12:39,0.0616161922,0.07464680893,0.07616407051,0.04431495678
2004-02-15 15:22:39,0.06251682211,0.07502363397,0.08041618243,0.04511719322
2004-02-15 15:32:39,0.06145314713,0.0752184677,0.07820572294,0.04407104839
2004-02-15 15:42:39,0.06086771815,0.07340871136,0.07655652131,0.04413457688
2004-02-15 15:52:39,0.06103637873,0.073962547,0.07629659651,0.04332389277
2004-02-15 16:02:39,0.0600035158,0.07307300161,0.07512300405,0.04366512037
2004-02-15 16:12:39,0.06114141315,0.07430709507,0.07846887055,0.04338107329
2004-02-15 16:22:39,0.06039860345,0.07255544704,0.07680331071,0.04361887787
2004-02-15 16:32:39,0.06163152498,0.07414995849,0.07863606621,0.04441994238
2004-02-15 16:42:39,0.0596622882,0.07315889448,0.07595190195,0.04286893891
2004-02-15 16:52:39,0.06050642121,0.07421568436,0.0779860833,0.04382440549
2004-02-15 17:02:39,0.0609457493,0.07436593584,0.075933737,0.04454895259
2004-02-15 17:12:39,0.06173465501,0.07394242883,0.076141169,0.04350407735
2004-02-15 17:22:39,0.05996659993,0.07244289272,0.07627281606,0.0445273695
2004-02-15 17:32:39,0.06205840129,0.07486102837,0.07609028761,0.04353117828
2004-02-15 17:42:39,0.06135924606,0.07338971629,0.07730094243,0.0435792275
2004-02-15 17:52:39,0.06073221349,0.0739377411,0.07726358709,0.04367054055
2004-02-15 18:02:39,0.06109678207,0.07291938083,0.07617828019,0.04435426534
2004-02-15 18:12:39,0.06068875433,0.07366360662,0.07734996826,0.04316382636
2004-02-15 18:22:39,0.06117647346,0.07399614239,0.07856936374,0.04338224523
2004-02-15 18:32:39,0.05951179257,0.07290854046,0.07654514381,0.04348205479
2004-02-15 18:42:39,0.06044777577,0.07355412862,0.07699404268,0.04371199766
2004-02-15 18:52:39,0.06021744226,0.07448112701,0.07576463695,0.04392279896
2004-02-15 19:02:39,0.05954856194,0.07352443967,0.07633639338,0.04429879389
2004-02-15 19:12:39,0.06059861321,0.07285170174,0.07708569754,0.04358044826
2004-02-15 19:22:39,0.06019649397,0.07402548953,0.07664592998,0.04365623321
2004-02-15 19:32:39,0.06028639094,0.07258508716,0.07642677865,0.04394086625
2004-02-15 19:42:39,0.0599342253,0.07305732702,0.07664080277,0.04427476928
2004-02-15 19:52:39,0.06180467796,0.07444201377,0.0773970897,0.044164217
2004-02-15 20:02:39,0.05911284731,0.0732898579,0.07533199863,0.04348474047
2004-02-15 20:12:39,0.05939796865,0.07323082182,0.07581429757,0.04277679574
2004-02-15 20:22:39,0.06097895405,0.07303379071,0.076008643,0.0442288686
2004-02-15 20:32:39,0.06108335368,0.07304995361,0.07606557937,0.04446555008
2004-02-15 20:42:39,0.06146213194,0.07340651399,0.07582626105,0.04406157527
2004-02-15 20:52:39,0.06013330729,0.07329430148,0.07382792129,0.04331627521
2004-02-15 21:02:39,0.06126436838,0.07311338444,0.07496293764,0.04350915572
2004-02-15 21:12:39,0.06078026271,0.07312202744,0.07665340104,0.0444611065
2004-02-15 21:22:39,0.0616467601,0.07413560232,0.07757527223,0.04488851995
2004-02-15 21:32:39,0.06071077689,0.07424884028,0.07672845354,0.0434311734
2004-02-15 21:42:39,0.06045949509,0.07307148787,0.07812324821,0.04307485717
2004-02-15 21:52:39,0.05983187656,0.07228751404,0.07514014356,0.04388309976
2004-02-15 22:02:39,0.06113384443,0.07362556765,0.07562825333,0.04373275062
2004-02-15 22:12:39,0.06145226818,0.07331075736,0.07727931051,0.04376527174
2004-02-15 22:22:39,0.06109976073,0.07463714049,0.07705078373,0.04368865667
2004-02-15 22:32:39,0.06256033009,0.07450358904,0.07717163924,0.04461863372
2004-02-15 22:42:39,0.06139044875,0.07439723619,0.07745622345,0.04410273939
2004-02-15 22:52:39,0.06197885639,0.07371966405,0.07619957029,0.04426842131
2004-02-15 23:02:39,0.06238961863,0.07465930954,0.07763714049,0.04416524244
2004-02-15 23:12:39,0.06248474047,0.07415742956,0.07673021144,0.04369710435
2004-02-15 23:22:39,0.06155847453,0.07454909908,0.07646843108,0.04400971727
2004-02-15 23:32:39,0.06118794863,0.07402319449,0.07637111187,0.04378416915
2004-02-15 23:42:39,0.06132272084,0.07332511353,0.07932423458,0.04331617755
2004-02-15 23:52:39,0.06416250793,0.07446403633,0.07792387324,0.04451921481
2004-02-16 0:02:39,0.0607509644,0.07368641047,0.07703261878,0.04421099663
2004-02-16 0:12:39,0.06164304898,0.07259441379,0.07642570438,0.04418936472
2004-02-16 0:22:39,0.06091103081,0.07355476342,0.07708784609,0.04440319352
2004-02-16 0:32:39,0.06163699399,0.07298969676,0.07663513843,0.04363152498
2004-02-16 0:42:39,0.06112427365,0.07398574149,0.07778016505,0.0437527223
2004-02-16 0:52:39,0.05952590459,0.07318091704,0.07712246692,0.04303261878
2004-02-16 1:02:39,0.06153181308,0.07351516187,0.07627535524,0.04368284584
2004-02-16 1:12:39,0.06203916207,0.07362000098,0.07782342888,0.04407246448
2004-02-16 1:22:39,0.06009375458,0.07307109722,0.07626173153,0.04324366424
2004-02-16 1:32:39,0.06156760584,0.07310503443,0.07675994922,0.04415181405
2004-02-16 1:42:39,0.06280418966,0.07417954978,0.0791424386,0.04483314615
2004-02-16 1:52:39,0.06265535427,0.07391112847,0.07642834123,0.04419405244
2004-02-16 2:02:39,0.06299672836,0.0745078373,0.07672415645,0.04501723717
2004-02-16 2:12:39,0.06149079545,0.07350305191,0.07686659505,0.04387875385
2004-02-16 2:22:39,0.0620478539,0.07339806631,0.07716138483,0.04430147956
2004-02-16 2:32:39,0.06170252454,0.07402983544,0.07707080424,0.04407456419
2004-02-16 2:42:39,0.06129181112,0.07210586454,0.07698222569,0.04357204942
2004-02-16 2:52:39,0.06270271986,0.07460955125,0.07744069535,0.04479344695
2004-02-16 3:02:39,0.06087172225,0.07320015626,0.07651340397,0.0441176327
2004-02-16 3:12:39,0.06463557791,0.07400732458,0.07767137067,0.04479432589
2004-02-16 3:22:39,0.06621226622,0.07482201279,0.0775313736,0.04472557254
2004-02-16 3:32:39,0.06647858782,0.07388563895,0.07607720104,0.0441221251
2004-02-16 3:42:39,0.06558025294,0.0728577079,0.07613325846,0.04480531276
2004-02-16 3:52:39,0.06541701255,0.07433986034,0.07578597588,0.04449636213
2004-02-16 4:02:39,0.06626558914,0.07299106402,0.07715547634,0.04446012989
2004-02-16 4:12:39,0.06762424923,0.0755758582,0.07959841789,0.04592040627
2004-02-16 4:22:39,0.06646887055,0.07446828458,0.07767273793,0.04556286928
2004-02-16 4:32:39,0.06513760438,0.07387885151,0.07836857268,0.04436725426
2004-02-16 4:42:39,0.06573558279,0.07396347478,0.07677909078,0.04445842082
2004-02-16 4:52:39,0.06610923385,0.07416265443,0.07707256214,0.04446091118
2004-02-16 5:02:39,0.06715567166,0.07367449582,0.07767859759,0.04463538259
2004-02-16 5:12:39,0.0663303384,0.07355241955,0.07565550076,0.04403974803
2004-02-16 5:22:39,0.06813296548,0.07401147517,0.07549665511,0.04456316226
2004-02-16 5:32:39,0.0665843547,0.07301030324,0.07675863079,0.04456672689
2004-02-16 5:42:39,0.0672011817,0.07407056009,0.07789638166,0.0445256116
2004-02-16 5:52:39,0.06826768885,0.07383744323,0.0766605303,0.04442746228
2004-02-16 6:02:39,0.06850422384,0.07511909761,0.07700009766,0.04452712535
2004-02-16 6:12:39,0.06884286342,0.07452990869,0.07855466576,0.0456824552
2004-02-16 6:22:39,0.06740421896,0.07479237267,0.07708501392,0.0448087309
2004-02-16 6:32:39,0.06704062698,0.07353708677,0.0767429562,0.04542961082
2004-02-16 6:42:39,0.06806616534,0.0739100542,0.07706396797,0.04415240002
2004-02-16 6:52:39,0.06880394551,0.07425958299,0.07960188486,0.0443101714
2004-02-16 7:02:39,0.06929478978,0.07326485668,0.07652717418,0.04467810928
2004-02-16 7:12:39,0.06745876263,0.07268914498,0.0758362713,0.04358401289
2004-02-16 7:22:39,0.07013501636,0.07386542312,0.07700771522,0.04488056057
2004-02-16 7:32:39,0.06724884028,0.07315025148,0.07408769959,0.04446970067
2004-02-16 7:42:39,0.06928619562,0.07451770106,0.07631964451,0.04432994775
2004-02-16 7:52:39,0.06977787001,0.07378231359,0.07691625568,0.04480477562
2004-02-16 8:02:39,0.06872147077,0.07408940866,0.07654226281,0.04440607452
2004-02-16 8:12:39,0.0686656575,0.07371331608,0.07664300015,0.0447804092
2004-02-16 8:22:39,0.06981639729,0.07475169686,0.07578197178,0.04449323697
2004-02-16 8:32:39,0.06780399434,0.07346979833,0.07716665853,0.04413989941
2004-02-16 8:42:39,0.06924049026,0.07408140046,0.07658357342,0.044239123
2004-02-16 8:52:39,0.0686749353,0.07455119879,0.07770745642,0.04516768397
2004-02-16 9:02:39,0.06817608282,0.07313760438,0.07644362518,0.04416265443
2004-02-16 9:12:39,0.0680673861,0.07261628986,0.07637111187,0.04472620733
2004-02-16 9:22:39,0.06941823331,0.07462835099,0.07632540651,0.04479466771
2004-02-16 9:32:39,0.06905146736,0.07377913961,0.07840050784,0.04393969432
2004-02-16 9:42:39,0.07040182626,0.07437160018,0.0772847307,0.04433043606
2004-02-16 9:52:39,0.06928775819,0.07397197129,0.07525372333,0.04411582597
2004-02-16 10:02:39,0.06865408467,0.07369915523,0.07929752429,0.0442432736
2004-02-16 10:12:39,0.070034572,0.07329469212,0.07675365008,0.04410913619
2004-02-16 10:22:39,0.06995234142,0.07531876556,0.07947985741,0.04439015577
2004-02-16 10:32:39,0.06878700132,0.07418575126,0.07667874408,0.04425831339
2004-02-16 10:42:39,0.06929015089,0.0739902339,0.07587748425,0.04466043264
2004-02-16 10:52:39,0.07017188339,0.07377889545,0.07567522828,0.04398373944
2004-02-16 11:02:39,0.07107285512,0.07528341228,0.0761054739,0.04573426437
2004-02-16 11:12:39,0.07035939255,0.07361038137,0.0766968602,0.04405078373
2004-02-16 11:22:39,0.07153068998,0.07432975243,0.07696381659,0.04447736706
2004-02-16 11:32:39,0.07035333757,0.07325157478,0.07581507886,0.04436881684
2004-02-16 11:42:39,0.07168601983,0.07437555545,0.07829767078,0.04528770936
2004-02-16 11:52:39,0.06949577616,0.0732692026,0.0767832902,0.044256409
2004-02-16 12:02:39,0.07038820255,0.07362854632,0.07542130963,0.04443097808
2004-02-16 12:12:39,0.07124454319,0.07439943357,0.07648625421,0.04519468724
2004-02-16 12:22:39,0.07175076908,0.07381068412,0.07752995752,0.04553991894
2004-02-16 12:32:39,0.07019712877,0.07378607354,0.07617388544,0.04435582792
2004-02-16 12:42:39,0.07143317545,0.07424508033,0.07750192881,0.0453676449
2004-02-16 12:52:39,0.07089066849,0.07363250159,0.0751624591,0.04499794912
2004-02-16 13:02:39,0.07018282143,0.07354524147,0.07584271693,0.04398813419
2004-02-16 13:12:39,0.07028546316,0.0740881879,0.07721402412,0.04419869134
2004-02-16 13:22:39,0.07150046389,0.0743908394,0.07607964256,0.04528477953
2004-02-16 13:32:39,0.07205346941,0.07477660042,0.07684300991,0.0451896577
2004-02-16 13:42:39,0.07061565506,0.07317393427,0.07662825333,0.04490741735
2004-02-16 13:52:39,0.07163987499,0.07452741833,0.07606328434,0.04406758142
2004-02-16 14:02:39,0.07123648616,0.0748887641,0.07863616388,0.04443903511
2004-02-16 14:12:39,0.07097299673,0.07526783534,0.07741720787,0.04453708677
2004-02-16 14:22:39,0.07117505738,0.07436647297,0.07742038185,0.04471707603
2004-02-16 14:32:39,0.07121700278,0.07402265736,0.07847966209,0.044959666
2004-02-16 14:42:39,0.07300073246,0.07418804629,0.07472816055,0.04450002442
2004-02-16 14:52:39,0.07208608819,0.07393276039,0.07608359783,0.04381595781
2004-02-16 15:02:39,0.07154924557,0.07463621271,0.07673035793,0.0446299624
2004-02-16 15:12:39,0.07147253284,0.07399111285,0.07588891059,0.04454079789
2004-02-16 15:22:39,0.07318809512,0.07466795254,0.07819004834,0.04419102495
2004-02-16 15:32:39,0.07248019923,0.07422227648,0.07574354217,0.04324478734
2004-02-16 15:42:39,0.07283046047,0.07555110113,0.07697768446,0.04492524049
2004-02-16 15:52:39,0.07380155281,0.0753117828,0.07890536647,0.04501884858
2004-02-16 16:02:39,0.0742282338,0.07438688413,0.0774369354,0.04432379511
2004-02-16 16:12:39,0.07492021095,0.07505166268,0.07644435763,0.04555940231
2004-02-16 16:22:39,0.07381356512,0.07471336491,0.07564007032,0.04442526491
2004-02-16 16:32:39,0.0738506763,0.0744737536,0.07631974217,0.04528468187
2004-02-16 16:42:39,0.07452595342,0.07336281068,0.07800302749,0.04475115972
2004-02-16 16:52:39,0.07519683578,0.07531793545,0.07645695591,0.04538278236
2004-02-16 17:02:39,0.07510313004,0.07403764832,0.07639591777,0.04543019679
2004-02-16 17:12:39,0.0735470482,0.07474652083,0.07608076566,0.04510176278
2004-02-16 17:22:39,0.07410493676,0.074778163,0.07715630646,0.04573387372
2004-02-16 17:32:39,0.07414551492,0.07533820011,0.07813692075,0.04552854143
2004-02-16 17:42:39,0.07373592461,0.07524434787,0.07712886371,0.04518990185
2004-02-16 17:52:39,0.07225494409,0.07405517848,0.07451960545,0.04429879389
2004-02-16 18:02:39,0.07660554715,0.07437072123,0.07785961229,0.0460651399
2004-02-16 18:12:39,0.0739302212,0.07465774696,0.0768333903,0.04492831681
2004-02-16 18:22:39,0.07421690512,0.07396552566,0.07785433859,0.04511138239
2004-02-16 18:32:39,0.07531979101,0.07510024904,0.07820542995,0.04494672591
2004-02-16 18:42:39,0.07501660237,0.07532770155,0.07599482397,0.04482235461
2004-02-16 18:52:39,0.07483939645,0.07414224327,0.07532652962,0.0451141169
2004-02-16 19:02:39,0.07483509937,0.07406733727,0.07623790224,0.04460623077
2004-02-16 19:12:39,0.07458801699,0.07576986181,0.07736534987,0.04565066654
2004-02-16 19:22:39,0.07450393086,0.07336193173,0.07793525074,0.04511660726
2004-02-16 19:32:39,0.07259382782,0.07480902388,0.07648874457,0.04482665169
2004-02-16 19:42:39,0.07593862005,0.07428731872,0.07629972167,0.04537501831
2004-02-16 19:52:39,0.07557146345,0.07372474242,0.08004238488,0.04537912007
2004-02-16 20:02:39,0.07305000244,0.07333175448,0.07654802481,0.04476287905
2004-02-16 20:12:39,0.07489950681,0.07467498413,0.07665740515,0.04539127887
2004-02-16 20:22:39,0.07407060892,0.07327286489,0.07699653303,0.04553718443
2004-02-16 20:32:39,0.07597011573,0.07403789248,0.0753573905,0.04471443918
2004-02-16 20:42:39,0.07580013673,0.07340373065,0.07674129596,0.04497465697
2004-02-16 20:52:39,0.07345138923,0.07484706284,0.07535343523,0.04531300356
2004-02-16 21:02:39,0.07585555935,0.07452102153,0.07773289711,0.04505429953
2004-02-16 21:12:39,0.07657107281,0.07427940817,0.0757429562,0.04479613262
2004-02-16 21:22:39,0.0768506763,0.07337077006,0.07588373456,0.04519063431
2004-02-16 21:32:39,0.0764167684,0.07502309683,0.07566131159,0.0453516285
2004-02-16 21:42:39,0.07578436447,0.07386874359,0.07549982909,0.04498183505
2004-02-16 21:52:39,0.07568851018,0.07475662874,0.07639860345,0.04477313345
2004-02-16 22:02:39,0.07529879389,0.07469148884,0.07637413936,0.0451422921
2004-02-16 22:12:39,0.07630650911,0.07443381024,0.07758645442,0.04506347966
2004-02-16 22:22:39,0.0789377411,0.07451281801,0.0785296157,0.04519712877
2004-02-16 22:32:39,0.0814726305,0.07366350896,0.07627242541,0.04596723473
2004-02-16 22:42:39,0.08038917916,0.07407002295,0.07810542507,0.04552297475
2004-02-16 22:52:39,0.08096117975,0.07537306509,0.07663997265,0.04626905611
2004-02-16 23:02:39,0.0814034865,0.07450661653,0.0754564676,0.04538048733
2004-02-16 23:12:39,0.07997314322,0.07393852239,0.07618516529,0.0457314322
2004-02-16 23:22:39,0.08076180478,0.0745446555,0.07607261097,0.04678524342
2004-02-16 23:32:39,0.08166971044,0.07418770448,0.07667464232,0.04486669271
2004-02-16 23:42:39,0.0784934323,0.07444367401,0.07729181112,0.04597289907
2004-02-16 23:52:39,0.08167449582,0.07378846623,0.07607764051,0.04599794912
2004-02-17 0:02:39,0.08147136091,0.07407207383,0.0777884174,0.04608154695
2004-02-17 0:12:39,0.08010557156,0.07399921871,0.07792812149,0.04542502075
2004-02-17 0:22:39,0.08079237267,0.07475843547,0.07931139216,0.0458397871
2004-02-17 0:32:39,0.08012866839,0.0748604424,0.07619498022,0.04654245813
2004-02-17 0:42:39,0.08180389667,0.07463484545,0.0754212608,0.04622603643
2004-02-17 0:52:39,0.08193627619,0.07458767518,0.07773987988,0.04735157967
2004-02-17 1:02:39,0.08061917086,0.0733809268,0.07495053469,0.04603784364
2004-02-17 1:12:39,0.07979886713,0.07385199473,0.07538693296,0.04589203574
2004-02-17 1:22:39,0.08144938718,0.07390517115,0.07679349578,0.04621036183
2004-02-17 1:32:39,0.08173021144,0.07365193613,0.07726300112,0.04746598955
2004-02-17 1:42:39,0.08071951755,0.07415782021,0.07554436252,0.04543498218
2004-02-17 1:52:39,0.07943048977,0.07357375848,0.07418477465,0.0460899458
2004-02-17 2:02:39,0.08213613946,0.07393959666,0.0765355242,0.04599619122
2004-02-17 2:12:39,0.0814611065,0.07327418331,0.07612651985,0.04678973583
2004-02-17 2:22:39,0.08074959715,0.07513433273,0.07730982958,0.04563689633
2004-02-17 2:32:39,0.07921280336,0.07518086821,0.07822945456,0.04552190048
2004-02-17 2:42:39,0.0783441086,0.07418404219,0.07900375995,0.04618052639
2004-02-17 2:52:39,0.08039562479,0.07468772889,0.07558054593,0.0465809854
2004-02-17 3:02:39,0.07890287612,0.07410908736,0.07649255335,0.04575555447
2004-02-17 3:12:39,0.08018355388,0.07399384736,0.07604394746,0.04564094927
2004-02-17 3:22:39,0.08103364422,0.075282338,0.0777119,0.04603711119
2004-02-17 3:32:39,0.08096000781,0.07538839787,0.07593783876,0.04634718492
2004-02-17 3:42:39,0.07913115875,0.07470750525,0.07586630207,0.04603418136
2004-02-17 3:52:39,0.08004756092,0.07467376337,0.0775965135,0.04574827872
2004-02-17 4:02:39,0.08032037697,0.0739492651,0.07512251575,0.04516968602
2004-02-17 4:12:39,0.08034620831,0.0746979833,0.07558288979,0.04573773133
2004-02-17 4:22:39,0.0801176327,0.07390771034,0.07598178622,0.04637042824
2004-02-17 4:32:39,0.08084989501,0.07464343962,0.07594179403,0.04608149812
2004-02-17 4:42:39,0.08183265784,0.07336930514,0.0753239416,0.0456698081
2004-02-17 4:52:39,0.08147995508,0.07508286537,0.07685912398,0.04632950828
2004-02-17 5:02:39,0.08063230626,0.07346598955,0.07600439475,0.04562498169
2004-02-17 5:12:39,0.08051975194,0.07657991113,0.07721163143,0.04652824845
2004-02-17 5:22:39,0.08093788759,0.07444596904,0.07678875922,0.04642360467
2004-02-17 5:32:39,0.08057112164,0.07496972508,0.0772887348,0.04613154939
2004-02-17 5:42:39,0.08155095464,0.07474959715,0.07568938913,0.04680609405
2004-02-17 5:52:39,0.08189794424,0.07412857073,0.07847394892,0.04574710679
2004-02-17 6:02:39,0.08233248694,0.07515513453,0.07708340251,0.04672943015
2004-02-17 6:12:39,0.08107549197,0.07520059573,0.07642443479,0.046210313
2004-02-17 6:22:39,0.08071028859,0.07489325651,0.07536740075,0.04591552322
2004-02-17 6:32:39,0.08156135553,0.07578631769,0.07690180185,0.04650788613
2004-02-17 6:42:39,0.08279041945,0.07443649592,0.07613657893,0.04534352263
2004-02-17 6:52:39,0.08143376141,0.07434669662,0.07565369403,0.04516543777
2004-02-17 7:02:39,0.08377996973,0.07601235412,0.07726720055,0.04664700425
2004-02-17 7:12:39,0.085706138,0.07482694468,0.0769895991,0.04675789833
2004-02-17 7:22:39,0.09000385761,0.07524571512,0.0763631525,0.04769002393
2004-02-17 7:32:39,0.1164889399,0.07749089311,0.08099174764,0.05084838127
2004-02-17 7:42:39,0.1197982323,0.07815176522,0.08144279506,0.05127979882
2004-02-17 7:52:39,0.1203068509,0.07734713609,0.07822437619,0.05118780214
2004-02-17 8:02:39,0.1184439182,0.07796283998,0.07933873724,0.0513429855
2004-02-17 8:12:39,0.1173570487,0.07685336198,0.0782133405,0.05133766297
2004-02-17 8:22:39,0.1210517603,0.07738693296,0.07910757361,0.04996747888
2004-02-17 8:32:39,0.1173505054,0.07788095122,0.07947863665,0.05156877777
2004-02-17 8:42:39,0.115163924,0.07815254651,0.08093695981,0.05045431906
2004-02-17 8:52:39,0.1210108404,0.07750300308,0.07868509205,0.05100366229
2004-02-17 9:02:39,0.1176392402,0.08185399678,0.08024620343,0.05094457737
2004-02-17 9:12:39,0.1179748523,0.07708491626,0.07790106939,0.05064710191
2004-02-17 9:22:39,0.118264759,0.07764319547,0.07976859222,0.05168553152
2004-02-17 9:32:39,0.1188747009,0.07774617901,0.07931793545,0.05102846819
2004-02-17 9:42:39,0.1184715562,0.07773524098,0.07747580448,0.05052780898
2004-02-17 9:52:39,0.113744177,0.0773924508,0.07964534401,0.05141686606
2004-02-17 10:02:39,0.1153436203,0.07767640021,0.07795693149,0.05090155769
2004-02-17 10:12:39,0.1153847844,0.07752526979,0.0786944675,0.05123048
2004-02-17 10:22:39,0.1177292837,0.07745524684,0.07920181649,0.05064895747
2004-02-17 10:32:39,0.1143759461,0.07689989746,0.07841066458,0.05154406953
2004-02-17 10:42:39,0.115795156,0.07664080277,0.07775242932,0.05033507495
2004-02-17 10:52:39,0.1139074174,0.07730260267,0.07719747058,0.05090482934
2004-02-17 11:02:39,0.1148809024,0.07772469359,0.07846984716,0.05053235021
2004-02-17 11:12:39,0.1135962205,0.07758118072,0.07928717223,0.05185858685
2004-02-17 11:22:39,0.1179483373,0.07826866546,0.07985013917,0.0514023634
2004-02-17 11:32:39,0.1173120758,0.07745910445,0.07877059427,0.05180125983
2004-02-17 11:42:39,0.1151727135,0.07839337858,0.07933878607,0.0518546804
2004-02-17 11:52:39,0.115089311,0.07752898091,0.07741701255,0.05118575126
2004-02-17 12:02:39,0.116395576,0.07767815811,0.07742834123,0.05037970604
2004-02-17 12:12:39,0.1162399043,0.07766819669,0.0782479125,0.05177782118
2004-02-17 12:22:39,0.1096540847,0.07785038332,0.07996874847,0.05090634308
2004-02-17 12:32:39,0.1138973583,0.07795947068,0.07825587187,0.05061721764
2004-02-17 12:42:39,0.1104399629,0.07725679965,0.07841413155,0.05061770594
2004-02-17 12:52:39,0.111181796,0.07837995019,0.07859021437,0.05114898188
2004-02-17 13:02:39,0.1097789931,0.07801704185,0.07944865472,0.04980814493
2004-02-17 13:12:39,0.1100961961,0.07729298306,0.079158455,0.05008794375
2004-02-17 13:22:39,0.110495532,0.07798378827,0.07826588212,0.05134684311
2004-02-17 13:32:39,0.1037760145,0.07684969969,0.0786179501,0.05046061819
2004-02-17 13:42:39,0.1015904097,0.07582005957,0.07795663851,0.05043034328
2004-02-17 13:52:39,0.106604717,0.07727139997,0.07928927194,0.05117793838
2004-02-17 14:02:39,0.1043014796,0.07775760535,0.07736227355,0.05045236584
2004-02-17 14:12:39,0.1041572342,0.07720074222,0.07803242346,0.05059485326
2004-02-17 14:22:39,0.1000592802,0.07818199131,0.07926070609,0.05019805655
2004-02-17 14:32:39,0.101470482,0.07883129059,0.07720923873,0.05064641828
2004-02-17 14:42:39,0.1011954197,0.07809922359,0.07852233996,0.049795449
2004-02-17 14:52:39,0.1033858099,0.07784794179,0.07832613897,0.04951413643
2004-02-17 15:02:39,0.1004748279,0.07835416768,0.07952312125,0.05032696909
2004-02-17 15:12:39,0.1019963377,0.07799501929,0.07974031935,0.05099741198
2004-02-17 15:22:39,0.09623541189,0.0782530397,0.07893012354,0.04956404121
2004-02-17 15:32:39,0.1020753943,0.0779239709,0.07759094682,0.05057224474
2004-02-17 15:42:39,0.1009052688,0.07788954539,0.07941750085,0.04966170223
2004-02-17 15:52:39,0.09795282973,0.0774806387,0.07847707408,0.05020357439
2004-02-17 16:02:39,0.09916397285,0.07835831828,0.07710229992,0.05018448166
2004-02-17 16:12:39,0.09811597246,0.07772068949,0.0788380292,0.0502346306
2004-02-17 16:22:39,0.09634137409,0.07832130475,0.07987274769,0.05058401289
2004-02-17 16:32:39,0.09458503833,0.07639010694,0.07799116168,0.0494910396
2004-02-17 16:42:39,0.09274930417,0.07686278627,0.07766521803,0.04943185702
2004-02-17 16:52:39,0.09294604229,0.07813794619,0.07777235217,0.05003623224
2004-02-17 17:02:39,0.09174739978,0.07831422433,0.07839396455,0.05016411934
2004-02-17 17:12:39,0.0914161336,0.07605259046,0.0784489477,0.04890370624
2004-02-17 17:22:39,0.08995512476,0.07792636359,0.0787014991,0.0494963133
2004-02-17 17:32:39,0.08809434054,0.07780189462,0.08167068705,0.05061926852
2004-02-17 17:42:39,0.08808677182,0.07735280043,0.07882626105,0.04875106206
2004-02-17 17:52:39,0.08510449729,0.07703154451,0.07774774159,0.04933531911
2004-02-17 18:02:39,0.08490004395,0.07703369305,0.07720538112,0.04784896723
2004-02-17 18:12:39,0.08432740856,0.07709653792,0.07939074174,0.04874466527
2004-02-17 18:22:39,0.08426422189,0.0768253821,0.07712383417,0.04867693735
2004-02-17 18:32:39,0.08373953806,0.07703183749,0.07950085453,0.0501890229
2004-02-17 18:42:39,0.08393705747,0.07804057815,0.08085907515,0.0486126764
2004-02-17 18:52:39,0.08375091557,0.07768670345,0.0780063968,0.04863670101
2004-02-17 19:02:39,0.08159871087,0.07728502368,0.07798437424,0.04952004492
2004-02-17 19:12:39,0.08210864788,0.07737858294,0.0778548269,0.04917383661
2004-02-17 19:22:39,0.08246823575,0.07761052786,0.07849274867,0.04821338933
2004-02-17 19:32:39,0.08077660042,0.07797680551,0.07772230089,0.04817847551
2004-02-17 19:42:39,0.08004282436,0.0789215782,0.07984447483,0.04832057229
2004-02-17 19:52:39,0.08164163289,0.07895888471,0.07830606963,0.04901362371
2004-02-17 20:02:39,0.08117154158,0.07860134772,0.0816483715,0.04830631378
2004-02-17 20:12:39,0.07993393232,0.07761033254,0.07889301235,0.04885619415
2004-02-17 20:22:39,0.07949846184,0.07879749988,0.08079046828,0.04800673861
2004-02-17 20:32:39,0.07918692319,0.07822276478,0.0786438791,0.04892489868
2004-02-17 20:42:39,0.07678431564,0.07772806289,0.07835226329,0.04810210459
2004-02-17 20:52:39,0.07915933395,0.07845304947,0.07793427413,0.04865535427
2004-02-17 21:02:39,0.0782351189,0.07930470238,0.07814571024,0.04783026515
2004-02-17 21:12:39,0.07803891792,0.07746916353,0.07842326285,0.04803066556
2004-02-17 21:22:39,0.07697641486,0.07820733434,0.07976297671,0.0483290688
2004-02-17 21:32:39,0.07928643977,0.07849748523,0.08013799502,0.04813877631
2004-02-17 21:42:39,0.07752302359,0.0783649104,0.07859216759,0.04716455882
2004-02-17 21:52:39,0.07971248596,0.0792213487,0.07824884028,0.04819292934
2004-02-17 22:02:39,0.07791313052,0.07709692856,0.07967161482,0.04807983788
2004-02-17 22:12:39,0.07740934616,0.07864002149,0.08211128473,0.04796240051
2004-02-17 22:22:39,0.07883505054,0.07788578544,0.07905273695,0.04827872455
2004-02-17 22:32:39,0.07949240686,0.0774218956,0.07772376581,0.0477792861
2004-02-17 22:42:39,0.07956091606,0.07791044485,0.07734669662,0.04801445383
2004-02-17 22:52:39,0.0807106304,0.07749001416,0.07950192881,0.04885311783
2004-02-17 23:02:39,0.08080638703,0.07831085502,0.07950002442,0.04830621612
2004-02-17 23:12:39,0.08019312466,0.07751897065,0.0795008057,0.04772527955
2004-02-17 23:22:39,0.08107407588,0.07823023585,0.07759114215,0.04787421261
2004-02-17 23:32:39,0.07880624054,0.07679979491,0.07800429708,0.04772181259
2004-02-17 23:42:39,0.08146979833,0.0776265931,0.08132809219,0.04772195908
2004-02-17 23:52:39,0.08140876019,0.07892011329,0.07868221105,0.04771185116
2004-02-18 0:02:39,0.08114209678,0.07854431369,0.08020899458,0.0473250647
2004-02-18 0:12:39,0.08159934567,0.07758679623,0.07931363836,0.04801230529
2004-02-18 0:22:39,0.08100180673,0.07682167098,0.07835758582,0.04774652083
2004-02-18 0:32:39,0.0833388349,0.07782963035,0.07942858538,0.04845348894
2004-02-18 0:42:39,0.0822512818,0.0777002295,0.07786898774,0.04743131989
2004-02-18 0:52:39,0.08296874847,0.07822979638,0.07800424825,0.04764978759
2004-02-18 1:02:39,0.08414927487,0.07795942185,0.07994540749,0.04794506568
2004-02-18 1:12:39,0.08430797402,0.07809341276,0.0799873529,0.04923272621
2004-02-18 1:22:39,0.08319610333,0.07706040334,0.0792144636,0.04712271107
2004-02-18 1:32:39,0.08433824894,0.07736920748,0.07849470189,0.04734025099
2004-02-18 1:42:39,0.08413555349,0.07672513306,0.07884823478,0.04643073392
2004-02-18 1:52:39,0.08273109039,0.07838751892,0.08011934176,0.04786303042
2004-02-18 2:02:39,0.0833037746,0.07727701548,0.07878748962,0.04716792812
2004-02-18 2:12:39,0.08389755359,0.07778934518,0.08066028615,0.04734327848
2004-02-18 2:22:39,0.08458669857,0.07735226329,0.08002763807,0.04738483324
2004-02-18 2:32:39,0.08438214757,0.07915176522,0.08002929831,0.04733009424
2004-02-18 2:42:39,0.08446979833,0.07882328239,0.0795798623,0.04836896333
2004-02-18 2:52:39,0.08491527907,0.07752028908,0.07833317056,0.0468161043
2004-02-18 3:02:39,0.08580340837,0.07859182577,0.08027223009,0.0479820792
2004-02-18 3:12:39,0.08653176425,0.07872161727,0.07865120367,0.04799296841
2004-02-18 3:22:39,0.08473646174,0.07784569559,0.0785694614,0.04783490405
2004-02-18 3:32:39,0.08602802871,0.07954006543,0.08154328825,0.04765139899
2004-02-18 3:42:39,0.101581376,0.07872205674,0.08067713267,0.04829942868
2004-02-18 3:52:39,0.1017876361,0.07934303433,0.08043400557,0.04917935446
2004-02-18 4:02:39,0.1000478539,0.07984593974,0.08156086723,0.04952419552
2004-02-18 4:12:39,0.1048783144,0.08097895405,0.08131798428,0.04886527662
2004-02-18 4:22:39,0.1020001953,0.07891488842,0.08025953416,0.04853645198
2004-02-18 4:32:39,0.10476117,0.08087572635,0.08196884614,0.04954153035
2004-02-18 4:42:39,0.1070246594,0.07925465111,0.08165432882,0.05001591875
2004-02-18 4:52:39,0.104505054,0.08073690122,0.08229498511,0.04903388837
2004-02-18 5:02:39,0.1083001123,0.07969725084,0.08010215343,0.04980248059
2004-02-18 5:12:39,0.1071611895,0.08006929049,0.08076097466,0.04979623028
2004-02-18 5:22:39,0.1099884272,0.07971067923,0.08005561795,0.04989306118
2004-02-18 5:32:39,0.1099411104,0.07926910494,0.08244841057,0.04868465257
2004-02-18 5:42:39,0.1144162801,0.07905893842,0.08243615411,0.04978714781
2004-02-18 5:52:39,0.1116688315,0.08039928707,0.08102104595,0.04989306118
2004-02-18 6:02:39,0.1148484789,0.08122437619,0.08140294936,0.05053801455
2004-02-18 6:12:39,0.1169394013,0.08050710484,0.08171858977,0.05040255872
2004-02-18 6:22:39,0.116761463,0.08098173739,0.08153498706,0.05004131061
2004-02-18 6:32:39,0.1163071439,0.08065388935,0.08402290151,0.05140031252
2004-02-18 6:42:39,0.1167933005,0.08111890229,0.08146105767,0.05020567411
2004-02-18 6:52:39,0.1182568973,0.0806235656,0.0818109771,0.050890522
2004-02-18 7:02:39,0.117904927,0.08230372577,0.08132184189,0.05070521022
2004-02-18 7:12:39,0.1185651643,0.08115240002,0.08233160799,0.05046877289
2004-02-18 7:22:39,0.1190062015,0.08172264271,0.08280614288,0.05185204356
2004-02-18 7:32:39,0.1183382489,0.08035587675,0.08137501831,0.05132594365
2004-02-18 7:42:39,0.1168084867,0.07958440354,0.08285892866,0.05009692856
2004-02-18 7:52:39,0.1219739733,0.08112764295,0.0829257288,0.05112886371
2004-02-18 8:02:39,0.1240076176,0.08210469261,0.08161047903,0.05157468626
2004-02-18 8:12:39,0.1235348894,0.0807210313,0.08227403682,0.05129747546
2004-02-18 8:22:39,0.1237933981,0.08194794668,0.08308667415,0.05214165731
2004-02-18 8:32:39,0.1206158504,0.0812547976,0.08450778847,0.05117613165
2004-02-18 8:42:39,0.1173944529,0.08120796914,0.08176659017,0.0503919625
2004-02-18 8:52:39,0.1156479809,0.08029239709,0.08181966893,0.05121124078
2004-02-18 9:02:39,0.1173559256,0.08112896138,0.08225137946,0.05134508521
2004-02-18 9:12:39,0.1181245178,0.08235856243,0.0834639875,0.05240709996
2004-02-18 9:22:39,0.1221775966,0.08179266566,0.0828719664,0.05133185214
2004-02-18 9:32:39,0.1173016261,0.08082128034,0.08181073295,0.05171131403
2004-02-18 9:42:39,0.1156163875,0.08034015333,0.08282294057,0.05110840373
2004-02-18 9:52:39,0.1177995508,0.0804875238,0.08241398506,0.0515296157
2004-02-18 10:02:39,0.1153689145,0.08099897456,0.08300180673,0.05135177499
2004-02-18 10:12:39,0.1201228576,0.08300185556,0.08447751355,0.05184423068
2004-02-18 10:22:39,0.1188677182,0.08093578788,0.08192275013,0.0508841252
2004-02-18 10:32:39,0.1167356805,0.08106304019,0.08310562039,0.05127525758
2004-02-18 10:42:39,0.1162981591,0.08072293569,0.08116475414,0.05029195762
2004-02-18 10:52:39,0.1114279506,0.0817083842,0.08262117291,0.05178455979
2004-02-18 11:02:39,0.1101052297,0.07996132624,0.08450402852,0.05048537526
2004-02-18 11:12:39,0.1092057229,0.08054660872,0.08265022706,0.05053781923
2004-02-18 11:22:39,0.1089812979,0.08107163436,0.08235773231,0.051830021
2004-02-18 11:32:39,0.1096013477,0.08130206553,0.0838581962,0.05088866644
2004-02-18 11:42:39,0.1086965672,0.08059578104,0.08292250598,0.0514715074
2004-02-18 11:52:39,0.1187513062,0.08250002442,0.08467644905,0.05353127594
2004-02-18 12:02:39,0.1219379364,0.08189115679,0.08430348162,0.05245734655
2004-02-18 12:12:39,0.1160880902,0.08380389667,0.08519771473,0.05321016651
2004-02-18 12:22:39,0.1148114166,0.08328004297,0.08491186093,0.05415420675
2004-02-18 12:32:39,0.1159636213,0.08255866986,0.08478485278,0.05349186972
2004-02-18 12:42:39,0.1124307339,0.08318116119,0.08620645539,0.05319092729
2004-02-18 12:52:39,0.1098657161,0.08405332292,0.0846656575,0.05313242834
2004-02-18 13:02:39,0.111517994,0.08417578983,0.08578529225,0.05307129254
2004-02-18 13:12:39,0.1131879975,0.08420967821,0.08655251721,0.05392401973
2004-02-18 13:22:39,0.1103512867,0.08403164217,0.08557151228,0.05369173299
2004-02-18 13:32:39,0.1086654622,0.08523121246,0.08530567899,0.05398193271
2004-02-18 13:42:39,0.1105898237,0.08521548904,0.08530641145,0.05395893354
2004-02-18 13:52:39,0.1128545827,0.08475633576,0.08569529762,0.05415318131
2004-02-18 14:02:39,0.1132904927,0.08604140827,0.08773201816,0.05396342595
2004-02-18 14:12:39,0.1124052932,0.08514658919,0.08528819767,0.05511621661
2004-02-18 14:22:39,0.1114878168,0.08665310806,0.08842047952,0.05516870941
2004-02-18 14:32:39,0.1125022218,0.08533419601,0.08662161238,0.05425001221
2004-02-18 14:42:39,0.1169352019,0.08631549392,0.08865310806,0.05661746179
2004-02-18 14:52:39,0.1123453294,0.08708071683,0.08642795058,0.05507285512
2004-02-18 15:02:39,0.105559793,0.08582816544,0.08795297622,0.05368802188
2004-02-18 15:12:39,0.1012479613,0.08751130426,0.08925948533,0.05531339421
2004-02-18 15:22:39,0.09898725524,0.08847126325,0.09007280629,0.05471868744
2004-02-18 15:32:39,0.09555945115,0.08646887055,0.08881620196,0.05515142341
2004-02-18 15:42:39,0.09482142683,0.089184384,0.09085228771,0.05442287221
2004-02-18 15:52:39,0.09397934469,0.08796562332,0.09068186923,0.05472435177
2004-02-18 16:02:39,0.09208696714,0.08862239367,0.08906470042,0.05420352556
2004-02-18 16:12:39,0.09362219835,0.09012271107,0.09160608428,0.05401972753
2004-02-18 16:22:39,0.09314063187,0.08854768299,0.09085341081,0.0539084428
2004-02-18 16:32:39,0.09339186484,0.08821563553,0.09190355974,0.05373084623
2004-02-18 16:42:39,0.09741354558,0.09154319059,0.09223458177,0.054945261
2004-02-18 16:52:39,0.09935314224,0.0902927389,0.09209473119,0.05491371649
2004-02-18 17:02:39,0.1090459495,0.09257966698,0.09441686606,0.0552749646
2004-02-18 17:12:39,0.1151085014,0.09140377948,0.09416040822,0.05426588212
2004-02-18 17:22:39,0.1225051028,0.09348659603,0.09392548464,0.05558621026
2004-02-18 17:32:39,0.1297589726,0.09475804483,0.09573402022,0.05706040334
2004-02-18 17:42:39,0.1336171688,0.09424351775,0.0968938913,0.05523980663
2004-02-18 17:52:39,0.1343023097,0.09511167537,0.09813789736,0.05693798525
2004-02-18 18:02:39,0.1345880658,0.09248801211,0.09547941794,0.05669456516
2004-02-18 18:12:39,0.1297270863,0.09370496606,0.09651140192,0.05603032375
2004-02-18 18:22:39,0.1241073783,0.09344484594,0.09736549636,0.05535358172
2004-02-18 18:32:39,0.1294179403,0.09592084574,0.100479125,0.05651320865
2004-02-18 18:42:39,0.1310417501,0.09432994775,0.09803442551,0.05541295962
2004-02-18 18:52:39,0.1303057766,0.09500668978,0.09838288002,0.05717378778
2004-02-18 19:02:39,0.1406569168,0.09703950388,0.1000923385,0.05794809317
2004-02-18 19:12:39,0.1323940134,0.09805952439,0.1029232384,0.05787694712
2004-02-18 19:22:39,0.127039748,0.09623482592,0.1016847991,0.05967771864
2004-02-18 19:32:39,0.13002881,0.09587743542,0.1004636945,0.05938131745
2004-02-18 19:42:39,0.1251764735,0.0981781337,0.1026588212,0.0603314615
2004-02-18 19:52:39,0.1298948191,0.09961897554,0.1031811612,0.06105591093
2004-02-18 20:02:39,0.1262161727,0.1004310269,0.1060529323,0.06239640607
2004-02-18 20:12:39,0.1354406953,0.1017043313,0.1064833244,0.06462800918
2004-02-18 20:22:39,0.1335421163,0.1014584208,0.1075490991,0.06581634845
2004-02-18 20:32:39,0.1299394502,0.1031607989,0.1065890913,0.06447736706
2004-02-18 20:42:39,0.1292495727,0.104092485,0.1091740808,0.06437316275
2004-02-18 20:52:39,0.1222416134,0.1045579862,0.1101180233,0.06387421261
2004-02-18 21:02:39,0.1161188046,0.1035869916,0.1103264808,0.06211172421
2004-02-18 21:12:39,0.122882465,0.1040989794,0.1108571708,0.06345187753
2004-02-18 21:22:39,0.1325159432,0.104915865,0.1111100151,0.06504336149
2004-02-18 21:32:39,0.1301662679,0.1020964403,0.11018497,0.060789687
2004-02-18 21:42:39,0.138489184,0.1020349138,0.1096086235,0.06267547244
2004-02-18 21:52:39,0.1457690805,0.1052288686,0.1133862982,0.06305200449
2004-02-18 22:02:39,0.1518834416,0.1047121441,0.1143202305,0.06350910689
2004-02-18 22:12:39,0.1650631867,0.1051106988,0.1137248889,0.06414605205
2004-02-18 22:22:39,0.18908643,0.1069373016,0.1129251428,0.06900117193
2004-02-18 22:32:39,0.1499381317,0.1066218565,0.1155547146,0.06563591972
2004-02-18 22:42:39,0.1482852678,0.1048814884,0.1177411006,0.06880287123
2004-02-18 22:52:39,0.1483835148,0.1073295571,0.1192643684,0.06986513013
2004-02-18 23:02:39,0.1290345232,0.1042261341,0.116373944,0.06610474144
2004-02-18 23:12:39,0.1258830998,0.1063438644,0.1173877142,0.06691342351
2004-02-18 23:22:39,0.1319242639,0.1059984863,0.1180866253,0.06888251379
2004-02-18 23:32:39,0.1296723961,0.1072514283,0.119396992,0.0689993652
2004-02-18 23:42:39,0.1518796816,0.1085746863,0.1205283949,0.07050471214
2004-02-18 23:52:39,0.1458592216,0.1080052737,0.1206454417,0.06864090043
2004-02-19 0:02:39,0.1608948191,0.1086492016,0.1211473216,0.07063089018
2004-02-19 0:12:39,0.142882465,0.1108709898,0.1256911959,0.07058484301
2004-02-19 0:22:39,0.1294490454,0.109216368,0.1252156355,0.06833678402
2004-02-19 0:32:39,0.1235695102,0.1037194687,0.1205065677,0.06748073636
2004-02-19 0:42:39,0.1245395283,0.1022039162,0.1189928219,0.06735592558
2004-02-19 0:52:39,0.1398237219,0.1092201768,0.1216840178,0.07373260413
2004-02-19 1:02:39,0.1609001416,0.1140486352,0.1237236193,0.07855178476
2004-02-19 1:12:39,0.1774134479,0.1134980224,0.1225184823,0.07930133307
2004-02-19 1:22:39,0.1533243811,0.1064635969,0.1156357244,0.07415015382
2004-02-19 1:32:39,0.179449729,0.1098258704,0.1156338688,0.07673050442
2004-02-19 1:42:39,0.1556241027,0.09783509937,0.1081442453,0.07230738806
2004-02-19 1:52:39,0.1717996973,0.09744137897,0.1014463109,0.07533429367
2004-02-19 2:02:39,0.1629501441,0.09634723375,0.09686019825,0.07186024708
2004-02-19 2:12:39,0.1972473754,0.107477953,0.1016060843,0.07920699253
2004-02-19 2:22:39,0.1550437033,0.1028449631,0.09709497534,0.07343879096
2004-02-19 2:32:39,0.1724289272,0.1267115094,0.1197400752,0.08187113629
2004-02-19 2:42:39,0.2041142634,0.1363808291,0.1326986669,0.08884633039
2004-02-19 2:52:39,0.1830077152,0.1468081449,0.1496304995,0.08643781435
2004-02-19 3:02:39,0.1823161775,0.113391816,0.135480541,0.07744279506
2004-02-19 3:12:39,0.1947656136,0.1125261976,0.1208920357,0.0741003467
2004-02-19 3:22:39,0.2301436105,0.1394508033,0.1331584062,0.08627867572
2004-02-19 3:32:39,0.2280289565,0.1462908345,0.1329546853,0.08787562869
2004-02-19 3:42:39,0.2803990918,0.14384384,0.1300732946,0.09088153718
2004-02-19 3:52:39,0.2539555154,0.1158563406,0.1207060403,0.08710000488
2004-02-19 4:02:39,0.2551195371,0.1185536891,0.1253396162,0.09504902583
2004-02-19 4:12:39,0.2693385908,0.1492168075,0.1461171444,0.1062096782
2004-02-19 4:22:39,0.2942306265,0.1525313736,0.1478323649,0.1099451633
2004-02-19 4:32:39,0.2998419356,0.1284775136,0.1222742321,0.09860164071
2004-02-19 4:42:39,0.248544509,0.1073340007,0.09503672054,0.09074061233
2004-02-19 4:52:39,0.3291821866,0.1527953025,0.1340771034,0.1022793593
2004-02-19 5:02:39,0.4167085307,0.1499210899,0.1425868451,0.09535895307
2004-02-19 5:12:39,0.351951609,0.1324976317,0.1275284438,0.1111870209
2004-02-19 5:22:39,0.3382647102,0.1367720592,0.1181719811,0.116861126
2004-02-19 5:32:39,0.3013438644,0.1404358123,0.1114627667,0.1144954343
2004-02-19 5:42:39,0.4533354656,0.1610163582,0.1374401582,0.1190473656
2004-02-19 5:52:39,0.337582548,0.1323995801,0.1449923336,0.09212456663
2004-02-19 6:02:39,0.3511113824,0.1522661263,0.1512994775,0.1008174227
2004-02-19 6:12:39,0.001856828947,0.00373157869,0.003655891401,0.001785927047
2004-02-19 6:22:39,0.001168367596,0.0007671273011,0.0007160994189,0.001698520436